Name,First,Last
10000,18-Mar-32,25-Mar-32
10000,02-Apr-32,02-Apr-32
10000,05-Apr-32,05-Apr-32
10000,06-Apr-32,06-Jun-32
10001,17-Feb-32,20-Feb-32
10001,10-Mar-32,15-Mar-32
10002,16-Feb-32,21-Feb-32
10002,16-Apr-32,18-Apr-32
10002,07-Jun-32,16-Jun-32
10002,02-May-32,29-May-32
10003,12-Feb-32,19-Feb-32
10004,14-Feb-32,20-Feb-32
10004,08-Apr-32,09-Apr-32
10005,21-Feb-32,24-Feb-32
10005,23-Mar-32,29-Mar-32
10005,17-Apr-32,18-Apr-32
10006,12-Mar-32,23-Mar-32
10006,23-Apr-32,27-Apr-32
10006,03-Jul-32,09-Jul-32
10007,22-Jan-32,28-Jan-32
10007,09-Mar-32,17-Mar-32
10007,10-Jul-32,16-Jul-32
10007,13-Jun-32,06-Aug-32
10008,12-Mar-32,20-Mar-32
10008,29-Mar-32,07-Apr-32
10008,23-Apr-32,24-Apr-32
10008,07-Jun-32,13-Jun-32
10008,07-Jun-32,13-Jun-32
10009,26-Mar-32,04-Apr-32
10009,18-Apr-32,22-Apr-32
10009,22-Jan-32,02-Mar-32
10010,22-Jan-32,26-Jan-32
10010,31-Jan-32,01-Feb-32
10010,13-Feb-32,15-Feb-32
10010,06-Mar-32,23-Mar-32
10010,05-Jul-32,09-Jul-32
10010,13-Apr-32,13-Jul-32
10011,24-Feb-32,25-Feb-32
10011,29-Mar-32,08-Apr-32
10011,10-Apr-32,13-Jun-32
10012,11-Nov-31,26-Feb-32
10013,13-Apr-32,20-Apr-32
10013,01-Jun-32,01-Jul-32
10013,12-Jan-32,12-Apr-32
10014,18-Mar-32,09-May-32
10015,15-Apr-32,19-Apr-32
10015,05-Jul-32,11-Jul-32
10016,07-Jun-32,13-Jun-32
10016,26-Jan-32,30-Jan-32
10017,28-Jun-32,03-Jul-32
10017,10-Jan-32,16-Jan-32
10017,17-Jan-32,25-Jan-32
10017,19-Feb-32,01-Apr-32
10018,21-Feb-32,29-Feb-32
10018,16-Apr-32,25-Apr-32
10019,23-Jan-32,04-Feb-32
10020,15-Jan-32,17-Jan-32
10020,27-Jan-32,30-Jan-32
10020,20-Feb-32,27-Feb-32
10020,02-Apr-32,12-Apr-32
10020,11-May-32,13-May-32
10020,16-Jun-32,18-Jun-32
10021,19-May-32,03-Jul-32
10022,24-May-32,03-Jun-32
10022,18-Jan-32,27-Feb-32
10023,21-Feb-32,24-Feb-32
10023,24-Mar-32,29-Mar-32
10023,07-Jun-32,13-Jun-32
10023,12-Jan-32,26-Jan-32
10023,08-Mar-32,19-Mar-32
10023,19-Apr-32,03-May-32
10023,24-May-32,06-Jun-32
10023,09-Jul-32,26-Jul-32
10024,15-May-32,24-May-32
10024,30-Jun-32,02-Jul-32
10025,31-May-32,02-Jun-32
10025,16-Jun-32,09-Aug-32
10025,10-May-32,24-May-32
10026,14-Feb-32,19-Feb-32
10026,18-May-32,24-May-32
10026,03-Jul-32,09-Jul-32
10027,11-Nov-31,26-Feb-32
10028,22-Jan-32,25-Jan-32
10028,27-Feb-32,02-Mar-32
10028,04-Jun-32,05-Jun-32
10028,03-Jul-32,09-Jul-32
10028,09-Mar-32,22-Apr-32
10029,23-Jun-32,02-Jul-32
10030,07-Jun-32,13-Jun-32
10030,01-Mar-32,02-Mar-32
10030,29-Mar-32,10-Apr-32
10031,28-Jan-32,05-Feb-32
10031,22-Mar-32,31-Mar-32
10031,13-Jun-32,25-Jul-32
10032,07-Jun-32,13-Jun-32
10032,12-Jan-32,12-Apr-32
10033,25-May-32,28-May-32
10033,03-Jul-32,09-Jul-32
10033,11-Nov-31,26-Feb-32
10034,19-Feb-32,24-Feb-32
10034,10-Mar-32,17-Mar-32
10034,31-Mar-32,09-Apr-32
10034,09-Feb-32,16-Feb-32
10034,01-Mar-32,08-Mar-32
10034,19-Mar-32,29-Mar-32
10034,12-Apr-32,19-Apr-32
10034,06-Jun-32,14-Jun-32
10035,20-Feb-32,27-Feb-32
10035,12-Apr-32,13-Apr-32
10035,07-Jun-32,09-Jun-32
10035,10-Jul-32,16-Jul-32
10035,29-Apr-32,15-Jun-32
10036,18-Feb-32,25-Feb-32
10036,18-Mar-32,23-Mar-32
10036,10-Jul-32,16-Jul-32
10036,29-Apr-32,15-Jun-32
10037,21-Feb-32,29-Feb-32
10037,22-Apr-32,01-May-32
10037,06-May-32,14-May-32
10038,31-May-32,04-Jun-32
10038,28-Jun-32,28-Jun-32
10039,13-Apr-32,13-Jul-32
10039,11-Nov-31,26-Feb-32
10040,12-Jan-32,14-Jan-32
10040,12-Feb-32,15-Feb-32
10040,21-Apr-32,25-Apr-32
10040,06-Jul-32,09-Jul-32
10041,14-May-32,20-May-32
10041,21-May-32,22-May-32
10042,13-Apr-32,13-Jul-32
10042,11-Nov-31,26-Feb-32
10043,13-Jan-32,19-Jan-32
10043,03-Mar-32,07-Mar-32
10044,16-Jan-32,25-Jan-32
10044,12-Jan-32,12-Apr-32
10045,07-Jan-32,13-Jan-32
10045,16-Jan-32,19-Jan-32
10045,12-Mar-32,15-Mar-32
10045,23-Apr-32,25-Apr-32
10045,28-May-32,30-May-32
10046,21-Dec-31,20-Jan-32
10046,21-Jun-32,23-Jun-32
10047,12-May-32,17-May-32
10047,27-Jan-32,09-Mar-32
10048,30-Jan-32,30-Jan-32
10048,04-Mar-32,08-Mar-32
10048,02-Jun-32,13-Jun-32
10049,28-Jan-32,28-Jan-32
10049,05-Apr-32,10-Apr-32
10049,10-May-32,27-May-32
10050,16-Feb-32,23-Feb-32
10050,05-Jan-32,19-Jan-32
10051,25-Feb-32,01-Mar-32
10051,23-Apr-32,30-Apr-32
10051,26-Dec-31,18-Feb-32
10052,21-May-32,26-May-32
10053,19-Jan-32,25-Jan-32
10053,12-Mar-32,15-Mar-32
10053,11-Nov-31,02-Jan-32
10054,15-Feb-32,08-Mar-32
10054,12-Mar-32,18-Mar-32
10054,13-Apr-32,13-Jul-32
10054,11-Nov-31,26-Feb-32
10055,09-Feb-32,13-Feb-32
10055,26-Mar-32,09-Apr-32
10056,04-Mar-32,07-Mar-32
10056,27-Mar-32,17-Apr-32
10056,10-Jul-32,16-Jul-32
10056,11-Nov-31,26-Feb-32
10057,06-Apr-32,11-Apr-32
10057,14-Jun-32,26-Jun-32
10058,27-Jan-32,30-Jan-32
10058,04-Mar-32,08-Mar-32
10058,19-Jun-32,22-Jun-32
10059,26-Mar-32,30-Mar-32
10059,10-Jul-32,16-Jul-32
10060,10-Feb-32,19-Feb-32
10060,07-Jun-32,13-Jun-32
10061,14-Mar-32,28-Mar-32
10061,11-Nov-31,02-Jan-32
10061,26-Jan-32,09-Feb-32
10061,16-Feb-32,01-Mar-32
10061,03-May-32,14-May-32
10061,14-Jun-32,28-Jun-32
10062,08-Mar-32,19-Mar-32
10062,07-Jun-32,13-Jun-32
10063,05-Mar-32,07-Mar-32
10063,19-Mar-32,21-Mar-32
10063,09-May-32,11-May-32
10063,28-May-32,30-May-32
10063,07-Jun-32,13-Jun-32
10064,21-May-32,30-May-32
10064,04-Apr-32,08-Apr-32
10064,16-Jun-32,09-Aug-32
10064,31-May-32,02-Jun-32
10065,03-Mar-32,04-Mar-32
10065,22-Mar-32,02-Apr-32
10065,14-Apr-32,21-Apr-32
10066,26-Feb-32,04-Mar-32
10066,23-Apr-32,28-Apr-32
10066,09-May-32,13-Jul-32
10067,29-Mar-32,29-Mar-32
10067,07-Jun-32,13-Jun-32
10068,02-Feb-32,13-Feb-32
10068,02-Apr-32,03-Apr-32
10068,08-Jun-32,14-Jun-32
10069,24-Feb-32,01-Mar-32
10069,01-Apr-32,07-Apr-32
10070,13-Apr-32,19-Apr-32
10070,09-May-32,23-Jun-32
10070,11-Nov-31,26-Feb-32
10070,29-Mar-32,12-Apr-32
10070,28-Jun-32,09-Jul-32
10071,02-Apr-32,12-Apr-32
10071,03-Jul-32,09-Jul-32
10071,26-Dec-31,18-Feb-32
10072,10-Mar-32,16-Mar-32
10072,08-Apr-32,10-Apr-32
10072,26-May-32,01-Jun-32
10072,03-Jul-32,10-Jul-32
10072,11-Nov-31,26-Feb-32
10073,14-May-32,21-May-32
10074,16-Feb-32,26-Feb-32
10074,23-Mar-32,12-Apr-32
10074,11-Nov-31,26-Feb-32
10075,02-Feb-32,11-Feb-32
10075,18-May-32,25-May-32
10075,03-Jul-32,09-Jul-32
10076,12-Mar-32,16-Mar-32
10076,21-Mar-32,06-May-32
10077,07-Feb-32,10-Feb-32
10077,13-Apr-32,13-Jul-32
10078,30-Jan-32,06-Feb-32
10078,23-Feb-32,29-Feb-32
10078,14-Jun-32,03-Jul-32
10078,29-Jan-32,05-Feb-32
10078,23-Feb-32,01-Mar-32
10079,03-Jul-32,09-Jul-32
10079,11-Nov-31,26-Feb-32
10080,08-Jan-32,20-Jan-32
10080,11-Nov-31,26-Feb-32
10081,19-Mar-32,21-Mar-32
10081,12-Apr-32,12-Apr-32
10081,29-Apr-32,01-May-32
10081,06-May-32,08-May-32
